rank,lex,num,ipm,POS
1,год,1106827,2955.874145805458,noun
2,человек,1078829,2881.103143350457,noun
3,время,764277,2041.065699096388,noun
4,день,580663,1550.7091434576807,noun
5,дело,579758,1548.292265208457,noun
6,жизнь,529153,1413.1473770294683,noun
7,рука,489198,1306.4442052640009,noun
8,слово,424966,1134.9072729942095,noun
9,раз,397312,1061.054951332284,noun
10,место,368337,983.6747886016016,noun
11,глаз,356902,953.1366639829528,noun
12,лицо,338608,904.2810057605158,noun
13,работа,319065,852.0897884957798,noun
14,дом,317968,849.160158176002,noun
15,сторона,298540,797.276058036858,noun
16,голова,296430,791.6411264281697,noun
17,город,276084,737.3054304516912,noun
18,час,273735,731.0322293385118,noun
19,сила,264855,707.317446075407,noun
20,вопрос,254373,679.3243877236205,noun
21,случай,249147,665.3679173032393,noun
22,мир,246990,659.6074682606135,noun
23,россия,239082,638.4884923546864,noun
24,земля,233345,623.1673536631963,noun
25,часть,229600,613.1660177036999,noun
26,ребенок,227656,607.9744029893445,noun
27,вид,225603,602.491694651602,noun
28,отец,222258,593.5585921724257,noun
29,конец,219901,587.26402638964,noun
30,бог,218315,583.028480640171,noun
31,москва,212226,566.7672964859992,noun
32,вода,205770,549.5260081136338,noun
33,народ,198342,529.6889123840908,noun
34,вечер,192253,513.4277282299191,noun
35,образ,191941,512.5945061152695,noun
36,ночь,189007,504.759013537122,noun
37,женщина,185297,494.85114800715365,noun
38,душа,181735,485.33852886490376,noun
39,нога,178807,477.5190597889611,noun
40,книга,177107,472.97906749760097,noun
41,мысль,176886,472.38886849972414,noun
42,страна,175913,469.7903905588457,noun
43,голос,175560,468.8476745124632,noun
44,письмо,175413,468.4550987084456,noun
45,отношение,173257,462.69732024952066,noun
46,деньги,171445,457.8582225836709,noun
47,дорога,165632,442.33411953092,noun
48,минута,159611,426.2545350684027,noun
49,путь,158499,423.284845993113,noun
50,жена,157597,420.87597949499127,noun
51,утро,157155,419.6955814992376,noun
52,война,156029,416.68850425213674,noun
53,имя,154849,413.53721548519263,noun
54,дверь,154025,411.33665451573336,noun
55,друг,153793,410.7170790971478,noun
56,свет,153725,410.53547940549333,noun
57,история,153718,410.51678531958777,noun
58,комната,149964,400.49141410678425,noun
59,мать,146657,391.6597938082383,noun
60,правда,145925,389.70492653925265,noun
61,стол,145837,389.46991517358225,noun
62,сердце,141635,378.2481224628203,noun
63,сын,141068,376.73390150446664,noun
64,пора,140210,374.4425406891802,noun
65,тысяча,136441,364.37711072086466,noun
66,князь,136248,363.8616880666102,noun
67,язык,135217,361.10831627108536,noun
68,число,134437,359.0252609844613,noun
69,власть,134306,358.6754145196565,noun
70,улица,132230,353.1312827567955,noun
71,любовь,132131,352.86689497041624,noun
72,рубль,131238,350.4820637256018,noun
73,смерть,127082,339.38311786507666,noun
74,общество,127013,339.1988475897214,noun
75,начало,126952,339.0359419839726,noun
76,право,125863,336.12767633380133,noun
77,система,121627,324.8150837772122,noun
78,век,121354,324.0860144268937,noun
79,положение,120781,322.5557699663353,noun
80,брат,118698,316.99294411756875,noun
81,месяц,117530,313.8737023550342,noun
82,возможность,115867,309.43252166060364,noun
83,форма,114876,306.78597321311076,noun
84,чувство,114645,306.169068378226,noun
85,окно,113970,304.36642438018595,noun
86,разговор,113391,302.82015641742265,noun
87,мера,112407,300.1923020558354,noun
88,статья,112194,299.62346772756496,noun
89,товарищ,111279,297.1798836413329,noun
90,закон,111200,296.9689075289697,noun
91,машина,110920,296.22114409274565,noun
92,церковь,109782,293.1820198412351,noun
93,труд,109684,292.92030263855673,noun
94,взгляд,108223,289.01857985168783,noun
95,господин,107426,286.89012464215017,noun
96,берег,106887,285.4506800274189,noun
97,вещь,105873,282.7427081548076,noun
98,действие,104992,280.3899239144027,noun
99,условие,104374,278.73950318730823,noun
100,школа,104199,278.2721510396683,noun
101,внимание,103680,276.886118098953,noun
102,стена,103294,275.8552727904442,noun
103,речь,103057,275.22234445335454,noun
104,смысл,101362,270.6957050804984,noun
105,цель,101234,270.353870366796,noun
106,состояние,101230,270.3431880319928,noun
107,театр,101083,269.95061222797517,noun
108,движение,100968,269.64349510238316,noun
109,тело,99865,266.69784128040067,noun
110,лес,98794,263.8376461368438,noun
111,муж,98477,262.99107110369016,noun
112,дух,97393,260.0961583720229,noun
113,помощь,96482,257.663256620594,noun
114,связь,95837,255.94073013357792,noun
115,наука,95728,255.64963651019073,noun
116,развитие,95504,255.0514257612115,noun
117,группа,95097,253.96449819498588,noun
118,ответ,94833,253.25946409797467,noun
119,армия,93722,250.2924456063857,noun
120,совет,93398,249.42717648732653,noun
121,двор,93022,248.42303701582568,noun
122,результат,92803,247.8381791853505,noun
123,порядок,92638,247.3975328747184,noun
124,река,92138,246.0622410243184,noun
125,море,91774,245.09014855722717,noun
126,средство,91478,244.2996557817903,noun
127,иван,91050,243.1566459578479,noun
128,причина,90072,240.54481509846545,noun
129,область,89524,239.081335230427,noun
130,решение,89384,238.70745351231497,noun
131,старик,89072,237.87423139766537,noun
132,квартира,88909,237.4389262544349,noun
133,ряд,87907,234.7630013862332,noun
134,газета,87861,234.64015453599643,noun
135,государство,87851,234.6134486989884,noun
136,семья,87340,233.2487804278796,noun
137,род,86495,230.9921372007035,noun
138,мама,86269,230.3885852843227,noun
139,гора,85803,229.14409327974985,noun
140,солнце,85452,228.20671840076903,noun
141,небо,84179,224.80706534965051,noun
142,александр,84035,224.4225012967353,noun
143,неделя,83976,224.2649368583881,noun
144,суд,83727,223.59996151688887,noun
145,процесс,83652,223.3996677393289,noun
146,проблема,83590,223.23409154987925,noun
147,искусство,82805,221.1376833447512,noun
148,правительство,82794,221.1083069240424,noun
149,воздух,82713,220.89198964427757,noun
150,генерал,82648,220.7184017037256,noun
151,момент,82027,219.0599692255287,noun
152,автор,81765,218.3602762959191,noun
153,партия,81521,217.70865387292383,noun
154,плечо,81501,217.65524219890787,noun
155,девушка,81485,217.61251285969507,noun
156,роль,81329,217.19590180237023,noun
157,член,80313,214.48258876235735,noun
158,идея,80079,213.85767217637013,noun
159,вера,79916,213.42236703313975,noun
160,мнение,79874,213.31020251770613,noun
161,картина,79427,212.1164516034485,noun
162,шаг,78965,210.88264193367883,noun
163,качество,78837,210.54080721997644,noun
164,гость,78431,209.4565502374516,noun
165,деятельность,78422,209.43251498414443,noun
166,задача,77846,207.89425877248357,noun
167,поле,77615,207.27735393759875,noun
168,глава,77565,207.14382475255871,noun
169,деревня,77311,206.4654964925555,noun
170,ум,77309,206.46015532515392,noun
171,начальник,77293,206.4174259859411,noun
172,государь,77290,206.40941423483872,noun
173,природа,76766,205.01002837561947,noun
174,лошадь,76661,204.72961708703545,noun
175,значение,76601,204.56938206498745,noun
176,борьба,76409,204.05662999443385,noun
177,план,76085,203.1913608753746,noun
178,характер,76010,202.9910670978146,noun
179,служба,75805,202.44359743915055,noun
180,николай,75787,202.3955269325362,noun
181,солдат,75553,201.77061034654895,noun
182,огонь,74661,199.3884496854353,noun
183,офицер,73650,196.6884895639264,noun
184,царь,73594,196.5389368766816,noun
185,организация,73309,195.77782052195352,noun
186,судьба,73243,195.60156199770077,noun
187,страница,72755,194.2983171517103,noun
188,кровь,72564,193.7882356648575,noun
189,иванович,71898,192.00962692012465,noun
190,хозяин,71876,191.95087407870705,noun
191,опыт,71264,190.3164768538174,noun
192,интерес,71212,190.1776065013758,noun
193,класс,70660,188.70344429853412,noun
194,дочь,70383,187.96369261341252,noun
195,дерево,70316,187.78476350545893,noun
196,петербург,70224,187.5390698049853,noun
197,точка,69869,186.5910125912013,noun
198,воля,69740,186.2465072937981,noun
199,ветер,69157,184.6895569962316,noun
200,мальчик,68866,183.9124171392988,noun
201,палец,68722,183.52785308638357,noun
202,угол,68275,182.3341021721259,noun
203,писатель,68129,181.94419695180912,noun
204,петр,67936,181.4287742975547,noun
205,событие,67523,180.32582322912424,noun
206,надежда,67227,179.53533045368744,noun
207,компания,66793,178.3762971275402,noun
208,центр,66442,177.43892224855938,noun
209,сон,66365,177.23328730359776,noun
210,пол,66262,176.95821718241535,noun
211,течение,66242,176.9048055083993,noun
212,материал,66018,176.30659475942014,noun
213,ход,65922,176.05021872414332,noun
214,мужчина,65887,175.95674829461532,noun
215,предмет,65756,175.6069018298105,noun
216,память,65471,174.8457854750825,noun
217,пример,64883,173.27548225901205,noun
218,хлеб,64763,172.95501221491602,noun
219,миллион,64495,172.2392957831016,noun
220,камень,64437,172.0844019284552,noun
221,министр,64354,171.8627434812888,noun
222,свобода,64255,171.59835569490957,noun
223,рассказ,64064,171.08827420805676,noun
224,край,64018,170.96542735781995,noun
225,половина,63808,170.40460478065194,noun
226,бумага,63549,169.7129236021447,noun
227,сестра,63397,169.30699487962312,noun
228,культура,63317,169.0933481835591,noun
229,количество,63080,168.46041984646948,noun
230,сознание,63058,168.40166700505188,noun
231,литература,62603,167.18655142118783,noun
232,радость,62222,166.169059031183,noun
233,направление,62213,166.1450237778758,noun
234,господь,61928,165.38390742314778,noun
235,поэт,61908,165.3304957491318,noun
236,счастье,61904,165.31981341432856,noun
237,уровень,61809,165.06610796275257,noun
238,желание,61697,164.76700258826295,noun
239,доктор,61627,164.58006172920696,noun
240,встреча,61516,164.28362693841814,noun
241,счет,61383,163.92843930621171,noun
242,граница,61365,163.8803687995973,noun
243,правило,61296,163.69609852424213,noun
244,завод,61232,163.5251811673909,noun
245,слеза,61151,163.30886388762613,noun
246,сад,60934,162.7293472245525,noun
247,роман,60840,162.47831235667726,noun
248,толпа,60808,162.39285367825167,noun
249,андрей,60446,161.42610237856206,noun
250,управление,60019,160.28576313832042,noun
251,союз,59939,160.0721164422564,noun
252,институт,59757,159.58607020871077,noun
253,успех,59646,159.289635417922,noun
254,полк,59521,158.95581245532196,noun
255,снег,59514,158.93711836941637,noun
256,метр,59261,158.26146069311395,noun
257,художник,59213,158.13327267547555,noun
258,девочка,58932,157.3828386555507,noun
259,сцена,58778,156.9715687656275,noun
260,герой,58700,156.76326323696512,noun
261,революция,58673,156.69115747704348,noun
262,степень,58532,156.3146051752307,noun
263,журнал,58402,155.96742929412667,noun
264,впечатление,58301,155.69770034034585,noun
265,чай,58146,155.28375986672185,noun
266,обед,58130,155.24103052750905,noun
267,цена,57881,154.57605518600982,noun
268,войска,57716,154.13540887537783,noun
269,песня,57146,152.61317616592177,noun
270,факт,57016,152.26600028481778,noun
271,очередь,56980,152.16985927158896,noun
272,масса,56694,151.40607233316013,noun
273,зал,56678,151.36334299394733,noun
274,сергей,56510,150.9146849322129,noun
275,игра,56328,150.42863869866727,noun
276,спина,56323,150.41528578016332,noun
277,повод,56198,150.08146281756328,noun
278,слава,56004,149.56336957960806,noun
279,состав,55970,149.47256973378086,noun
280,участие,55902,149.29097004212647,noun
281,враг,55743,148.86634723369926,noun
282,граф,55635,148.5779241940128,noun
283,программа,55475,148.15063080188483,noun
284,мужик,55425,148.0171016168448,noun
285,собака,55402,147.9556781917264,noun
286,май,55394,147.93431352212,noun
287,страх,55292,147.6619139846384,noun
288,тема,55279,147.627196396528,noun
289,район,54789,146.31861038313596,noun
290,губа,54781,146.29724571352955,noun
291,круг,54643,145.92870516281914,noun
292,август,54626,145.88330523990552,noun
293,корабль,54492,145.52544702399834,noun
294,немец,54329,145.0901418807679,noun
295,производство,54320,145.06610662746073,noun
296,явление,54251,144.88183635210552,noun
297,музыка,54183,144.7002366604511,noun
298,нос,54097,144.4705664621823,noun
299,лето,53994,144.19549634099988,noun
300,болезнь,53768,143.59194442461907,noun
301,выражение,53674,143.34090955674387,noun
302,март,53510,142.90293382981264,noun
303,рабочий,53476,142.81213398398543,noun
304,грудь,53453,142.75071055886704,noun
305,период,53017,141.5863360653182,noun
306,октябрь,53013,141.575653730515,noun
307,собрание,52996,141.5302538076014,noun
308,основание,52868,141.18841909389897,noun
309,проект,52831,141.0896074969694,noun
310,владимир,52787,140.9721018141342,noun
311,большинство,52564,140.37656164885576,noun
312,январь,52288,139.63948054743494,noun
313,рост,52095,139.12405789318052,noun
314,основа,52038,138.97183462223492,noun
315,линия,51983,138.8249525186909,noun
316,ухо,51979,138.81427018388771,noun
317,способ,51931,138.68608216624932,noun
318,остров,51910,138.62999990853248,noun
319,профессор,51686,138.03178915955328,noun
320,влияние,51652,137.9409893137261,noun
321,население,51403,137.27601397222688,noun
322,обстоятельство,51167,136.64575621883805,noun
323,врач,51153,136.60836804702683,noun
324,лист,51029,136.27721566812764,noun
325,кабинет,50593,135.11284117457882,noun
326,директор,50385,134.5573597648124,noun
327,главное,50372,134.52264217670196,noun
328,цвет,50266,134.23956030441718,noun
329,понятие,50252,134.20217213260597,noun
330,образование,50222,134.12205462158198,noun
331,волос,50217,134.10870170307797,noun
332,номер,50205,134.07665469866836,noun
333,площадь,49994,133.51316153779953,noun
334,исследование,49934,133.35292651575153,noun
335,декабрь,49850,133.12859748488435,noun
336,представитель,49743,132.84284502889872,noun
337,крестьянин,49599,132.4582809759835,noun
338,название,49458,132.08172867417068,noun
339,апрель,49373,131.85472905960268,noun
340,дядя,49355,131.8066585529883,noun
341,содержание,49334,131.7505762952715,noun
342,сентябрь,49273,131.58767068952267,noun
343,ученый,49084,131.08293037007147,noun
344,европа,48950,130.72507215416425,noun
345,бой,48890,130.56483713211622,noun
346,представление,48879,130.53546071140747,noun
347,знание,48862,130.49006078849385,noun
348,орган,48601,129.793038442585,noun
349,среда,48536,129.619450502033,noun
350,тип,48306,129.005216250849,noun
351,удовольствие,48238,128.8236165591946,noun
352,учитель,48190,128.69542854155617,noun
353,фронт,48175,128.6553697860442,noun
354,июнь,47985,128.14795888289217,noun
355,станция,47745,127.50701879470016,noun
356,удар,47732,127.47230120658976,noun
357,анна,47503,126.86073753910652,noun
358,ситуация,47490,126.82601995099613,noun
359,звук,47473,126.78062002808254,noun
360,фильм,47070,125.7043747966601,noun
361,существо,46958,125.40526942217048,noun
362,рынок,46933,125.33850482965047,noun
363,родитель,46844,125.10082288027928,noun
364,политика,46810,125.01002303445206,noun
365,июль,46794,124.96729369523926,noun
366,принцип,46786,124.94592902563288,noun
367,срок,46556,124.33169477444883,noun
368,зима,46409,123.93911897043124,noun
369,капитан,46242,123.4931314923976,noun
370,будущее,46153,123.2554495430264,noun
371,предприятие,46151,123.25010837562482,noun
372,рот,46142,123.2260731223176,noun
373,февраль,46078,123.0551557654664,noun
374,черт,45981,122.7961091464888,noun
375,ноябрь,45871,122.50234493940076,noun
376,данные,45857,122.46495676758958,noun
377,множество,45624,121.84271076530317,noun
378,ребята,45566,121.68781691065676,noun
379,документ,45522,121.57031122782156,noun
380,выход,45448,121.37268803396236,noun
381,дождь,45104,120.45400724088712,noun
382,папа,44989,120.14689011529512,noun
383,пространство,44957,120.06143143686953,noun
384,телефон,44831,119.7249378905687,noun
385,президент,44827,119.71425555576548,noun
386,размер,44697,119.36707967466148,noun
387,михаил,44602,119.11337422308549,noun
388,честь,44386,118.53652814371266,noun
389,алексей,44346,118.42970479568064,noun
390,село,44335,118.40032837497183,noun
391,здание,44273,118.23475218552224,noun
392,предложение,44255,118.18668167890785,noun
393,праздник,44242,118.15196409079743,noun
394,дама,44132,117.85819988370945,noun
395,глубина,44098,117.76740003788224,noun
396,произведение,43982,117.45761232858942,noun
397,хозяйство,43933,117.32675372725022,noun
398,командир,43583,116.3920494319702,noun
399,зрение,43524,116.23448499362298,noun
400,польза,43478,116.11163814338616,noun
401,создание,43454,116.04754413456698,noun
402,читатель,43369,115.82054451999896,noun
403,информация,43231,115.45200396928855,noun
404,король,43180,115.31580420054776,noun
405,париж,43082,115.05408699786936,noun
406,курс,42993,114.81640504849814,noun
407,павел,42970,114.75498162337972,noun
408,победа,42932,114.65349944274932,noun
409,гражданин,42926,114.63747594054452,noun
410,зуб,42886,114.53065259251252,noun
411,улыбка,42803,114.30899414534612,noun
412,пара,42779,114.24490013652692,noun
413,личность,42659,113.92443009243092,noun
414,особенность,42621,113.82294791180053,noun
415,текст,42455,113.37963101746767,noun
416,житель,42400,113.23274891392369,noun
417,ужас,42325,113.03245513636368,noun
418,километр,42272,112.89091420022127,noun
419,студент,42258,112.85352602841006,noun
420,необходимость,42203,112.70664392486609,noun
421,поезд,42165,112.60516174423566,noun
422,требование,42098,112.42623263628208,noun
423,председатель,42040,112.27133878163563,noun
424,василий,41858,111.78529254809004,noun
425,элемент,41730,111.44345783438764,noun
426,команда,41614,111.1336701250948,noun
427,колено,41305,110.30845976154758,noun
428,магазин,41289,110.26573042233478,noun
429,звезда,41242,110.14021298839718,noun
430,отсутствие,41122,109.81974294430115,noun
431,комиссия,41107,109.77968418878916,noun
432,волна,41026,109.56336690902435,noun
433,метод,40982,109.44586122618917,noun
434,стихи,40860,109.12005001469156,noun
435,птица,40691,108.66872136925632,noun
436,фигура,40569,108.34291015775872,noun
437,изменение,40566,108.33489840665632,noun
438,высота,40487,108.12392229429312,noun
439,карман,40326,107.6939583184643,noun
440,позиция,40294,107.6084996400387,noun
441,красота,40237,107.45627636909308,noun
442,прием,39999,106.82067744830267,noun
443,корпус,39975,106.75658343948348,noun
444,храм,39966,106.73254818617627,noun
445,бабушка,39963,106.72453643507389,noun
446,предел,39929,106.63373658924668,noun
447,самолет,39738,106.12365510239384,noun
448,занятие,39726,106.09160809798423,noun
449,комитет,39612,105.78716155609304,noun
450,вино,39529,105.56550310892662,noun
451,весна,39497,105.48004443050102,noun
452,парень,39433,105.30912707364982,noun
453,университет,39347,105.07945687538104,noun
454,существование,39327,105.026045201365,noun
455,русский,39263,104.8551278445138,noun
456,император,39238,104.7883632519938,noun
457,тень,39197,104.678869320261,noun
458,животное,39074,104.3503875250626,noun
459,оружие,39026,104.2221995074242,noun
460,источник,39009,104.17679958451058,noun
461,фамилия,38988,104.1207173267938,noun
462,сталин,38921,103.9417882188402,noun
463,десяток,38904,103.89638829592656,noun
464,противник,38873,103.81360020120177,noun
465,дворец,38791,103.59461233773617,noun
466,теория,38687,103.31687163285297,noun
467,слух,38681,103.30084813064816,noun
468,верста,38657,103.23675412182897,noun
469,баба,38569,103.00174275615856,noun
470,ворота,38569,103.00174275615856,noun
471,черта,38517,102.86287240371692,noun
472,музей,38459,102.70797854907056,noun
473,знак,38439,102.65456687505454,noun
474,след,38402,102.55575527812492,noun
475,карта,38391,102.52637885741612,noun
476,участок,38307,102.30204982654892,noun
477,сведение,38057,101.6344039013489,noun
478,воспоминание,37927,101.2872280202449,noun
479,долг,37904,101.22580459512648,noun
480,монастырь,37884,101.1723929211105,noun
481,возраст,37737,100.77981711709288,noun
482,ученик,37665,100.58753509063528,noun
483,платье,37609,100.43798240339046,noun
484,здоровье,37421,99.93591266764004,noun
485,заседание,37253,99.48725460590563,noun
486,настроение,37206,99.36173717196804,noun
487,эпоха,37176,99.28161966094405,noun
488,прошлое,37170,99.26559615873924,noun
489,публика,37101,99.08132588338404,noun
490,спектакль,37077,99.0172318745648,noun
491,трава,37067,98.99052603755682,noun
492,борис,36939,98.6486913238544,noun
493,рыба,36912,98.5765855639328,noun
494,боль,36865,98.4510681299952,noun
495,германия,36831,98.360268284168,noun
496,сотня,36779,98.2213979317264,noun
497,пушкин,36736,98.106562832592,noun
498,петрович,36515,97.51636383471516,noun
499,крик,36501,97.47897566290398,noun
500,объект,36417,97.25464663203677,noun
1,новый,428511,1144.374492213546,adj
2,должен,373387,997.161236290642,adj
3,большой,371876,993.1259843187332,adj
4,русский,274248,732.4022387770221,adj
5,последний,272939,728.9064447126749,adj
6,хороший,211440,564.6682176971703,adj
7,общий,175266,468.062522904428,adj
8,молодой,175066,467.528406164268,adj
9,старый,173628,463.6881068025175,adj
10,великий,169798,453.4597712284531,adj
11,полный,154087,411.50223070518297,adj
12,главный,148823,397.4442781041713,adj
13,высокий,147266,393.2861792820256,adj
14,маленький,144683,386.388061582859,adj
15,белый,138300,369.341725820652,adj
16,разный,134583,359.41516620477813,adj
17,черный,132649,354.2502573274307,adj
18,нужный,132057,352.669271776557,adj
19,известный,119181,318.28283604505515,adj
20,настоящий,118576,316.6671329060711,adj
21,целый,118111,315.4253114851991,adj
22,живой,115557,308.6046407133556,adj
23,советский,115278,307.8595478608324,adj
24,подобный,109395,292.1485039490255,adj
25,красный,106762,285.1168570648189,adj
26,собственный,105704,282.2913795093724,adj
27,следующий,102595,273.9885347835849,adj
28,огромный,100898,269.45655424332716,adj
29,военный,99146,264.77769159952544,adj
30,сильный,95352,254.64549703868988,adj
31,государственный,94546,252.49300657584504,adj
32,российский,94391,252.07906610222105,adj
33,московский,90825,242.55576462516788,adj
34,лучший,89766,239.7276164860206,adj
35,важный,89477,238.95581779648936,adj
36,простой,88002,235.01670683780924,adj
37,добрый,86530,231.08560763023152,adj
38,готовый,85556,228.48445910565223,adj
39,человеческий,84721,226.25452171548417,adj
40,равный,84519,225.71506380792255,adj
41,небольшой,80607,215.2677403703926,adj
42,тяжелый,80190,214.15410696715895,adj
43,особый,78823,210.50341904816523,adj
44,правый,77956,208.18802297957157,adj
45,политический,77596,207.22661284728355,adj
46,прекрасный,75829,202.5076914479698,adj
47,страшный,75000,200.29377756000653,adj
48,основной,74222,198.21606344078404,adj
49,внутренний,73504,196.2985843436096,adj
50,длинный,71787,191.71319212933585,adj
51,широкий,70855,189.22420812019016,adj
52,похожий,70385,187.9690337808141,adj
53,современный,68008,181.6210563240123,adj
54,больший,67313,179.76500065195626,adj
55,плохой,67037,179.02791955053542,adj
56,темный,66822,178.4537440548634,adj
57,необходимый,66750,178.26146202840582,adj
58,неизвестный,66335,177.15316979257375,adj
59,дорогой,66215,176.83269974847775,adj
60,странный,65604,175.2009731072889,adj
61,единственный,65074,173.78556374586486,adj
62,чистый,64874,173.25144700570482,adj
63,крупный,63893,170.63160439521997,adj
64,народный,63492,169.56070033119911,adj
65,милый,63077,168.45240809536708,adj
66,чужой,62157,165.995471090631,adj
67,святой,61466,164.15009775337816,adj
68,красивый,61360,163.86701588109335,adj
69,различный,60478,161.51156105698766,adj
70,общественный,60338,161.13767933887564,adj
71,отдельный,60120,160.55549209210122,adj
72,французский,60049,160.36588064934443,adj
73,высший,59702,159.4391881051668,adj
74,интересный,59564,159.07064755445637,adj
75,прежний,59471,158.82228327028196,adj
76,местный,58525,156.29591108932507,adj
77,личный,57738,154.1941617167954,adj
78,глубокий,57708,154.1140442057714,adj
79,легкий,56801,151.69182478914573,adj
80,близкий,56591,151.13100221197772,adj
81,малый,56510,150.9146849322129,adj
82,бывший,56377,150.55949730000648,adj
83,свободный,56025,149.61945183732485,adj
84,старший,55588,148.45240676007523,adj
85,возможный,55104,147.159844248888,adj
86,крайний,53080,141.75458283846862,adj
87,знакомый,52750,140.87329021720458,adj
88,бедный,52730,140.8198785431886,adj
89,научный,52470,140.12552678098055,adj
90,серьезный,52146,139.26025766192134,adj
91,средний,52116,139.18014015089733,adj
92,исторический,52022,138.92910528302212,adj
93,золотой,52003,138.8783641927069,adj
94,верный,51564,137.7059779480557,adj
95,данный,51536,137.63120160443327,adj
96,немецкий,51086,136.42943893907324,adj
97,холодный,50991,136.17573348749724,adj
98,обычный,50359,134.48792458859157,adj
99,счастливый,50137,133.89505500701395,adj
100,пустой,49608,132.4823162292907,adj
101,ясный,49526,132.2633283658251,adj
102,социальный,48758,130.21232008361062,adj
103,железный,48620,129.84377953290024,adj
104,внешний,48471,129.44586256148102,adj
105,духовный,48425,129.3230157112442,adj
106,божий,48332,129.0746514270698,adj
107,левый,48068,128.3696173300586,adj
108,богатый,47812,127.68594790265374,adj
109,веселый,47558,127.00761964265052,adj
110,мелкий,47357,126.4708323187897,adj
111,зеленый,47021,125.57351619532088,adj
112,мировой,46725,124.78302341988406,adj
113,детский,46216,123.42369631617682,adj
114,английский,46071,123.0364616795608,adj
115,родной,45392,121.22313534671754,adj
116,городской,45334,121.06824149207114,adj
117,древний,45325,121.04420623876396,adj
118,рабочий,45299,120.97477106254313,adj
119,способный,45072,120.36854856246153,adj
120,прошлый,44928,119.9839845095463,adj
121,тонкий,44701,119.37776200946467,adj
122,тихий,44352,118.44572829788544,adj
123,короткий,44047,117.63120026914144,adj
124,определенный,43301,115.63894482834456,adj
125,слабый,43046,114.95794598464052,adj
126,знаменитый,42937,114.66685236125332,adj
127,умный,42565,113.6733952245557,adj
128,серый,42308,112.98705521345008,adj
129,национальный,42307,112.98438462974929,adj
130,будущий,42164,112.60249116053488,adj
131,прямой,42008,112.18588010321004,adj
132,единый,41977,112.10309200848523,adj
133,значительный,41928,111.97223340714604,adj
134,американский,41846,111.75324554368044,adj
135,открытый,41716,111.4060696625764,adj
136,долгий,41534,110.9200234290308,adj
137,экономический,41183,109.98264855004996,adj
138,низкий,40958,109.38176721736995,adj
139,сложный,40329,107.7019700695667,adj
140,уверенный,40248,107.4856527898019,adj
141,морской,40196,107.34678243736028,adj
142,теплый,39666,105.93137307593624,adj
143,дальнейший,39261,104.8497866771122,adj
144,западный,38873,103.81360020120177,adj
145,литературный,38863,103.78689436419376,adj
146,нынешний,38849,103.74950619238258,adj
147,здоровый,38592,103.06316618127696,adj
148,любимый,38575,103.01776625836337,adj
149,северный,38365,102.45694368119533,adj
150,светлый,38331,102.36614383536812,adj
151,женский,38324,102.34744974946253,adj
152,больной,37821,101.00414614796009,adj
153,горячий,37712,100.71305252457287,adj
154,мертвый,37622,100.47269999150086,adj
155,частный,36310,96.96889417605117,adj
156,постоянный,36169,96.59234187423834,adj
157,вечный,36084,96.36534225967031,adj
158,специальный,35999,96.13834264510233,adj
159,художественный,35443,94.65349810745748,adj
160,синий,34863,93.10455956099342,adj
161,реальный,34721,92.72533667547982,adj
162,спокойный,34645,92.522372314219,adj
163,боевой,34525,92.201902270123,adj
164,истинный,34420,91.92149098153898,adj
165,естественный,34370,91.787961796499,adj
166,международный,34316,91.64375027665578,adj
167,особенный,34056,90.94939851444776,adj
168,толстый,33990,90.77313999019496,adj
169,гражданский,33917,90.57818738003655,adj
170,правильный,33816,90.30845842625574,adj
171,яркий,33771,90.18828215971972,adj
172,свежий,33706,90.01469421916772,adj
173,ближайший,33659,89.88917678523012,adj
174,видный,33650,89.86514153192292,adj
175,далекий,33455,89.3443777102669,adj
176,европейский,33183,88.61797894364928,adj
177,несчастный,33176,88.59928485774368,adj
178,нижний,32831,87.67793348096765,adj
179,иностранный,32784,87.55241604703005,adj
180,приятный,32734,87.41888686199003,adj
181,деревянный,32624,87.12512265490204,adj
182,сухой,32587,87.02631105797244,adj
183,ужасный,32575,86.99426405356283,adj
184,замечательный,32459,86.68447634427001,adj
185,рад,32418,86.57498241253721,adj
186,каменный,31959,85.34918449386998,adj
187,царский,31827,84.99666744536437,adj
188,желтый,31415,83.89638696063473,adj
189,узкий,31300,83.58926983504271,adj
190,крепкий,30883,82.47563643180908,adj
191,мягкий,30832,82.33943666306828,adj
192,опасный,30748,82.11510763220107,adj
193,злой,30498,81.44746170700105,adj
194,центральный,30476,81.38870886558345,adj
195,виноватый,30422,81.24449734574024,adj
196,дикий,30326,80.98812131046343,adj
197,физический,30315,80.95874488975464,adj
198,довольный,30306,80.93470963644744,adj
199,земной,30090,80.35786355707461,adj
200,верхний,29930,79.9305701649466,adj
201,честный,29345,78.36827869997855,adj
202,острый,29339,78.35225519777374,adj
203,глупый,29308,78.26946710304894,adj
204,полезный,29055,77.59380942674652,adj
205,пьяный,29000,77.44692732320253,adj
206,трудный,28865,77.08639852359451,adj
207,редкий,28653,76.52023477902489,adj
208,восточный,28523,76.17305889792087,adj
209,южный,28316,75.62024807185526,adj
210,лишний,28279,75.52143647492566,adj
211,строгий,28270,75.49740122161846,adj
212,ночной,28237,75.40927195949206,adj
213,церковный,28154,75.18761351232564,adj
214,голубой,27660,73.8683451641304,adj
215,технический,27562,73.60662796145199,adj
216,твердый,27326,72.97637020806317,adj
217,удивительный,27316,72.94966437105516,adj
218,дальний,27217,72.68527658467596,adj
219,густой,27174,72.57044148554155,adj
220,религиозный,26946,71.96154840175915,adj
221,нормальный,26705,71.31793772986632,adj
222,очередной,26682,71.25651430474791,adj
223,круглый,26646,71.16037329151912,adj
224,точный,26436,70.5995507143511,adj
225,понятный,26254,70.11350448080547,adj
226,соседний,26106,69.71825809308706,adj
227,обязанный,26032,69.52063489922786,adj
228,домашний,25771,68.82361255331904,adj
229,обыкновенный,25675,68.56723651804224,adj
230,нравственный,25648,68.49513075812062,adj
231,быстрый,25577,68.30551931536382,adj
232,ранний,25366,67.74202615449501,adj
233,православный,25106,67.04767439228698,adj
234,бледный,24940,66.60435749795415,adj
235,солнечный,24902,66.50287531732376,adj
236,громадный,24796,66.21979344503896,adj
237,культурный,24684,65.92068807054935,adj
238,творческий,24341,65.00467786117491,adj
239,петербургский,24171,64.5506786320389,adj
240,революционный,23984,64.05127947998928,adj
241,грязный,23960,63.98718547117007,adj
242,тайный,23949,63.95780905046128,adj
243,неожиданный,23948,63.95513846676049,adj
244,многочисленный,23840,63.66671542707407,adj
245,резкий,23768,63.47443340061647,adj
246,достойный,23725,63.35959830148206,adj
247,отличный,23668,63.20737503053646,adj
248,нежный,23578,62.96702249746444,adj
249,семейный,23511,62.78809338951084,adj
250,официальный,23504,62.76939930360525,adj
251,согласный,23472,62.683940625179645,adj
252,китайский,23361,62.38750583439082,adj
253,голый,23315,62.264658984154025,adj
254,младший,23205,61.970894777066015,adj
255,невозможный,22863,61.05755515139238,adj
256,соответствующий,22845,61.009484644777984,adj
257,сельский,22671,60.54480308083877,adj
258,конкретный,22590,60.32848580107397,adj
259,душевный,22553,60.22967420414436,adj
260,задний,22539,60.19228603233316,adj
261,федеральный,22446,59.94392174815875,adj
262,японский,22317,59.599416450755534,adj
263,лесной,22309,59.578051781149135,adj
264,неприятный,22039,58.85699418193312,adj
265,печальный,22028,58.82761776122432,adj
266,судебный,21802,58.22406584484349,adj
267,грубый,21706,57.967689809566686,adj
268,старинный,21607,57.70330202318747,adj
269,мокрый,21422,57.20924403853946,adj
270,горный,21408,57.17185586672826,adj
271,христианский,21309,56.907468080349055,adj
272,дурной,21298,56.878091659640255,adj
273,временный,21247,56.741891890899446,adj
274,характерный,21227,56.68848021688345,adj
275,отечественный,21075,56.28255149436183,adj
276,польский,21026,56.15169289302263,adj
277,практический,21002,56.08759888420342,adj
278,расположенный,20912,55.84724635113142,adj
279,финансовый,20879,55.75911708900502,adj
280,материальный,20830,55.62825848766581,adj
281,учебный,20716,55.323811945774594,adj
282,летний,20715,55.3211413620738,adj
283,зимний,20703,55.2890943576642,adj
284,благородный,20701,55.2837531902626,adj
285,смешной,20655,55.1609063400258,adj
286,серебряный,20490,54.72026002939378,adj
287,мирный,20488,54.71491886199218,adj
288,глухой,20322,54.271601967659365,adj
289,химический,20131,53.761520480806546,adj
290,мощный,20111,53.70810880679054,adj
291,сегодняшний,20060,53.57190903804974,adj
292,скромный,20056,53.56122670324654,adj
293,жестокий,20024,53.47576802482094,adj
294,бесконечный,20017,53.45707393891534,adj
295,покойный,19754,52.75471042560492,adj
296,блестящий,19736,52.70663991899051,adj
297,германский,19630,52.42355804670571,adj
298,розовый,19568,52.2579818572561,adj
299,торговый,19486,52.03899399379049,adj
300,существенный,19450,51.94285298056169,adj
301,юный,19430,51.889441306545685,adj
302,мрачный,19411,51.838700216230485,adj
303,жизненный,19326,51.61170060166248,adj
304,активный,19236,51.37134806859047,adj
305,массовый,19035,50.83456074472966,adj
306,случайный,19030,50.82120782622565,adj
307,партийный,19007,50.759784401107254,adj
308,меньший,19003,50.74910206630405,adj
309,непонятный,18886,50.43664377331044,adj
310,небесный,18856,50.35652626228644,adj
311,обратный,18848,50.33516159268004,adj
312,совершенный,18764,50.110832561812835,adj
313,священный,18698,49.934574037560026,adj
314,удобный,18632,49.75831551330722,adj
315,медицинский,18591,49.64882158157442,adj
316,мужской,18531,49.48858655952641,adj
317,противоположный,18524,49.46989247362081,adj
318,славный,18509,49.42983371810881,adj
319,великолепный,18440,49.2455634427536,adj
320,малейший,18423,49.20016351984,adj
321,профессиональный,18286,48.83429355283039,adj
322,музыкальный,18279,48.81559946692479,adj
323,противный,18203,48.61263510566398,adj
324,всеобщий,18147,48.46308241841918,adj
325,верховный,18038,48.171988795031965,adj
326,радостный,17910,47.83015408132956,adj
327,одинаковый,17878,47.74469540290395,adj
328,природный,17863,47.70463664739195,adj
329,худой,17843,47.651224973375946,adj
330,генеральный,17838,47.63787205487195,adj
331,нервный,17820,47.58980154825755,adj
332,театральный,17621,47.05835539179833,adj
333,греческий,17564,46.906132120852725,adj
334,космический,17564,46.906132120852725,adj
335,информационный,17535,46.82868519352952,adj
336,здешний,17429,46.54560332124471,adj
337,социалистический,17408,46.48952106352791,adj
338,электрический,17322,46.259850865259104,adj
339,крестьянский,17279,46.1450157661247,adj
340,дополнительный,17217,45.9794395766751,adj
341,турецкий,17215,45.974098409273495,adj
342,императорский,17208,45.955404323367894,adj
343,вчерашний,17166,45.84323980793429,adj
344,любезный,17138,45.76846346431189,adj
345,крутой,17088,45.63493427927188,adj
346,одинокий,17040,45.50674626163348,adj
347,воздушный,16963,45.30111131667188,adj
348,жалкий,16765,44.77233574391346,adj
349,незнакомый,16692,44.57738313375505,adj
350,передний,16625,44.39845402580144,adj
351,таинственный,16615,44.37174818879345,adj
352,подлинный,16605,44.34504235178544,adj
353,школьный,16392,43.776208023515025,adj
354,суровый,16378,43.738819851703816,adj
355,опытный,16377,43.736149268003025,adj
356,обширный,16324,43.59460833186062,adj
357,торжественный,16286,43.493126151230214,adj
358,любопытный,16285,43.49045556752941,adj
359,заметный,16278,43.471761481623815,adj
360,разнообразный,16236,43.35959696619021,adj
361,итальянский,16166,43.1726561071342,adj
362,горький,16123,43.057821007999806,adj
363,положительный,16018,42.77740971941579,adj
364,дешевый,15914,42.499669014532586,adj
365,привычный,15897,42.45426909161898,adj
366,действительный,15675,41.86139951004136,adj
367,рыжий,15614,41.69849390429256,adj
368,седой,15603,41.669117483583754,adj
369,ценный,15536,41.49018837563015,adj
370,казенный,15520,41.44745903641735,adj
371,сладкий,15518,41.44211786901575,adj
372,чудесный,15511,41.423423783110145,adj
373,грустный,15501,41.39671794610215,adj
374,вечерний,15488,41.36200035799175,adj
375,громкий,15453,41.26852992846374,adj
376,жесткий,15408,41.148353661927736,adj
377,поздний,15397,41.118977241218936,adj
378,традиционный,15395,41.11363607381734,adj
379,обязательный,15228,40.66764859578373,adj
380,последующий,15219,40.64361334247652,adj
381,тесный,15212,40.62491925657092,adj
382,прозрачный,15200,40.59287225216132,adj
383,вынужденный,15132,40.41127256050691,adj
384,классический,15112,40.35786088649091,adj
385,письменный,15108,40.34717855168771,adj
386,законный,15061,40.22166111775011,adj
387,непосредственный,15056,40.208308199246105,adj
388,уголовный,15031,40.14154360672611,adj
389,голодный,15021,40.1148377697181,adj
390,предыдущий,14970,39.9786380009773,adj
391,справедливый,14965,39.9652850824733,adj
392,необыкновенный,14959,39.9492615802685,adj
393,трудовой,14801,39.52730935554209,adj
394,талантливый,14673,39.18547464183967,adj
395,философский,14664,39.16143938853248,adj
396,величайший,14639,39.09467479601247,adj
397,ровный,14633,39.078651293807674,adj
398,решительный,14601,38.99319261538207,adj
399,ученый,14599,38.98785144798047,adj
400,божественный,14568,38.90506335325567,adj
401,скорый,14563,38.891710434751666,adj
402,денежный,14459,38.61396972986846,adj
403,самостоятельный,14432,38.54186396994685,adj
404,промышленный,14407,38.47509937742685,adj
405,тогдашний,14382,38.40833478490685,adj
406,вредный,14301,38.19201750514204,adj
407,окружающий,14299,38.18667633774045,adj
408,взрослый,14244,38.039794234196435,adj
409,административный,14211,37.951664972070034,adj
410,недовольный,14199,37.91961796766043,adj
411,деревенский,14180,37.86887687734524,adj
412,хозяйственный,14125,37.72199477380123,adj
413,пожилой,14112,37.687277185690824,adj
414,медный,14038,37.48965399183162,adj
415,искренний,14025,37.45493640372122,adj
416,слепой,14024,37.45226582002042,adj
417,еврейский,13987,37.353454223090814,adj
418,очевидный,13972,37.313395467578815,adj
419,конечный,13947,37.24663087505881,adj
420,индивидуальный,13930,37.20123095214521,adj
421,ласковый,13926,37.19054861734201,adj
422,деловой,13924,37.18520744994041,adj
423,психологический,13921,37.177195698838005,adj
424,явный,13906,37.13713694332601,adj
425,могучий,13871,37.043666513798,adj
426,чуждый,13870,37.0409959300972,adj
427,юридический,13868,37.03565476269561,adj
428,достаточный,13796,36.843372736237995,adj
429,совместный,13688,36.55494969655159,adj
430,абсолютный,13675,36.520232108441185,adj
431,посторонний,13581,36.26919724056598,adj
432,своеобразный,13556,36.20243264804598,adj
433,римский,13514,36.09026813261237,adj
434,взаимный,13484,36.01015062158837,adj
435,утренний,13385,35.74576283520916,adj
436,разумный,13323,35.58018664575956,adj
437,грозный,13245,35.371881117097146,adj
438,земский,13206,35.26772835276594,adj
439,вольный,13175,35.184940258041145,adj
440,неизбежный,13172,35.176928506938744,adj
441,поэтический,13172,35.176928506938744,adj
442,искусственный,13158,35.13954033512754,adj
443,смелый,13150,35.11817566552114,adj
444,сплошной,13134,35.075446326308345,adj
445,невидимый,12992,34.69622344079473,adj
446,краткий,12951,34.586729509061925,adj
447,чудный,12918,34.498600246935524,adj
448,проклятый,12907,34.469223826226724,adj
449,важнейший,12893,34.43183565441552,adj
450,скучный,12891,34.426494487013926,adj
451,окончательный,12830,34.263588881265115,adj
452,доступный,12758,34.07130685480751,adj
453,убежденный,12695,33.9030600816571,adj
454,надежный,12693,33.897718914255506,adj
455,смертный,12686,33.8790248283499,adj
456,недавний,12629,33.72680155740429,adj
457,невероятный,12628,33.7241309737035,adj
458,сырой,12626,33.71878980630189,adj
459,выдающийся,12541,33.491790191733884,adj
460,металлический,12476,33.31820225118188,adj
461,страстный,12466,33.291496414173885,adj
462,железнодорожный,12442,33.22740240535468,adj
463,весенний,12420,33.16864956393708,adj
464,оригинальный,12395,33.10188497141708,adj
465,драгоценный,12372,33.04046154629867,adj
466,тяжкий,12370,33.035120378897076,adj
467,ответственный,12316,32.89090885905387,adj
468,гордый,12224,32.64521515858026,adj
469,ничтожный,12147,32.439580213618655,adj
470,свойственный,12137,32.41287437661065,adj
471,моральный,12110,32.340768616689054,adj
472,приличный,12070,32.23394526865705,adj
473,сибирский,11937,31.878757636450636,adj
474,теоретический,11896,31.769263704717833,adj
475,цветной,11825,31.579652261961023,adj
476,спортивный,11811,31.542264090149825,adj
477,почетный,11810,31.53959350644903,adj
478,украинский,11803,31.520899420543422,adj
479,передовой,11778,31.45413482802342,adj
480,ложный,11714,31.283217471172215,adj
481,независимый,11691,31.221794046053816,adj
482,коммунистический,11684,31.20309996014822,adj
483,сердечный,11651,31.114970698021818,adj
484,электронный,11626,31.048206105501812,adj
485,стеклянный,11606,30.994794431485808,adj
486,жаркий,11502,30.717053726602597,adj
487,образованный,11498,30.7063713917994,adj
488,снежный,11482,30.663642052586596,adj
489,изящный,11462,30.6102303785706,adj
490,гигантский,11458,30.599548043767395,adj
491,исключительный,11455,30.59153629266499,adj
492,кровавый,11442,30.55681870455459,adj
493,плотный,11432,30.530112867546595,adj
494,публичный,11430,30.52477170014499,adj
495,почтенный,11422,30.503407030538593,adj
496,нелепый,11419,30.49539527943619,adj
497,осенний,11403,30.45266594022339,adj
498,порядочный,11367,30.356524926994588,adj
499,намеренный,11334,30.268395664868184,adj
500,прочный,11306,30.19361932124578,adj
1,быть,4816755,12863.547393747322,verb
2,мочь,1132073,3023.2957019158566,verb
3,сказать,915573,2445.114330692638,verb
4,говорить,796509,2127.1439529405766,verb
5,бы,752645,2010.001469488681,verb
6,знать,638774,1705.8994328948747,verb
7,стать,551551,1472.9631107599887,verb
8,идти,399461,1066.7940357053037,verb
9,иметь,392459,1048.0946086323013,verb
10,видеть,372663,995.2277336912626,verb
11,хотеть,367269,980.822605209147,verb
12,думать,301472,805.1062094476038,verb
13,жить,292012,779.842487638035,verb
14,сделать,291271,777.863585115742,verb
15,делать,285435,762.2780586378728,verb
16,стоять,282173,753.5666146058629,verb
17,дать,272356,727.3494944151084,verb
18,казаться,264665,706.810035172255,verb
19,пойти,258191,689.5206762932752,verb
20,смотреть,236045,630.3779296553565,verb
21,взять,225017,600.9267326029332,verb
22,прийти,218939,584.6949248694702,verb
23,сидеть,213632,570.5221371693242,verb
24,писать,213218,569.4165155171929,verb
25,спросить,209802,560.2938015952598,verb
26,получить,207030,552.8909435766419,verb
27,любить,200652,535.857960732939,verb
28,выйти,191643,511.79867217243105,verb
29,давать,190957,509.9666517536822,verb
30,остаться,187803,501.5436307613588,verb
31,начать,187407,500.4860796158419,verb
32,понимать,178059,475.5214631807626,verb
33,найти,172832,461.5623221766806,verb
34,работать,171258,457.35882343162126,verb
35,понять,170124,454.330381514914,verb
36,увидеть,161964,432.53841851638526,verb
37,оказаться,159308,425.44534820706025,verb
38,пройти,146525,391.3072767597327,verb
39,читать,145591,388.81295158318545,verb
40,принять,144068,384.7456526068669,verb
41,считать,141600,378.1546520332923,verb
42,написать,138905,370.9574289596361,verb
43,находиться,137951,368.4096921090728,verb
44,бывать,136235,363.82697047849985,verb
45,являться,135870,362.8522074277078,verb
46,ходить,131408,350.9360629547378,verb
47,ответить,130403,348.25212633543373,verb
48,лежать,129328,345.3812488570736,verb
49,просить,126897,338.88905988042865,verb
50,значить,126330,337.37483892207496,verb
51,решить,125322,334.6828905516685,verb
52,вести,124199,331.68382505567,verb
53,отвечать,122935,328.30820725785867,verb
54,ждать,122411,326.9088213986394,verb
55,оставаться,122358,326.767280462497,verb
56,уйти,118561,316.6270741505591,verb
57,помнить,118265,315.83658137512225,verb
58,приехать,115489,308.42304102170124,verb
59,называть,112659,300.865289148437,verb
60,слышать,111602,298.0424821766913,verb
61,продолжать,109805,293.24344326635355,verb
62,играть,109018,291.14169389382386,verb
63,заметить,108908,290.8479296867359,verb
64,начинать,108692,290.27108360736304,verb
65,вернуться,108257,289.10937969751495,verb
66,чувствовать,107988,288.39099268199976,verb
67,следовать,107732,287.707323254595,verb
68,ехать,106866,285.3945977697021,verb
69,узнать,106786,285.1809510736381,verb
70,прийтись,104890,280.1175243769211,verb
71,подумать,103421,276.1944369204458,verb
72,посмотреть,103122,275.39593239390655,verb
73,бояться,103025,275.13688577492894,verb
74,оставить,102560,273.89506435405696,verb
75,спать,100000,267.0583700800087,verb
76,поставить,97327,259.91989984777,verb
77,хотеться,97230,259.66085322879246,verb
78,слушать,97172,259.505959374146,verb
79,показать,94647,252.76273552962584,verb
80,рассказывать,91694,244.8765018611632,verb
81,выходить,91389,244.0619738324191,verb
82,войти,90706,242.23796516477267,verb
83,существовать,90481,241.63708383209263,verb
84,становиться,90193,240.86795572626224,verb
85,происходить,87964,234.91522465717884,verb
86,принимать,86961,232.23662920527636,verb
87,забыть,86775,231.73990063692753,verb
88,глядеть,86653,231.41408942542992,verb
89,приходить,85809,229.16011678195463,verb
90,искать,83163,222.09375230963764,verb
91,брать,83041,221.76794109814,verb
92,спрашивать,82350,219.92256776088715,verb
93,представлять,81780,218.40033505143109,verb
94,умереть,81544,217.77007729804228,verb
95,служить,80496,214.9713055796038,verb
96,требовать,80430,214.79504705535095,verb
97,появиться,79922,213.43839053534455,verb
98,рассказать,79874,213.31020251770613,verb
99,желать,79661,212.74136818943572,verb
100,верить,79153,211.3847116694293,verb
101,стараться,78597,209.8998671317844,verb
102,пить,78186,208.8022572307556,verb
103,открыть,77953,208.18001122846917,verb
104,поехать,77361,206.5990256775955,verb
105,держать,77161,206.0649089374355,verb
106,подойти,76611,204.59608790199545,verb
107,представить,76611,204.59608790199545,verb
108,успеть,76344,203.88304205388184,verb
109,привести,75499,201.62639882670575,verb
110,убить,74158,198.04514608393285,verb
111,заниматься,73934,197.4469353349536,verb
112,сесть,71719,191.5315924376814,verb
113,связать,71487,190.9120170190958,verb
114,стоить,70112,187.2399644304957,verb
115,вспомнить,69973,186.8687532960845,verb
116,остановиться,69722,186.19843678718365,verb
117,попасть,69694,186.12366044356125,verb
118,начаться,69427,185.41061459544764,verb
119,уметь,68756,183.6186529322108,verb
120,встать,68479,182.87890124708915,verb
121,провести,68476,182.87088949598677,verb
122,положить,68418,182.71599564134033,verb
123,действовать,68333,182.48899602677233,verb
124,проходить,68064,181.7706090112571,verb
125,поднять,67809,181.0896101675531,verb
126,уходить,67619,180.58219926440108,verb
127,приходиться,67314,179.76767123565705,verb
128,назвать,67242,179.57538920919944,verb
129,бежать,67119,179.24690741400102,verb
130,получать,66981,178.8783668632906,verb
131,произойти,66814,178.432379385257,verb
132,создать,66720,178.1813445173818,verb
133,бросить,66489,177.56443968249695,verb
134,состоять,65639,175.2944435368169,verb
135,кричать,64924,173.38497619074482,verb
136,помочь,64911,173.35025860263443,verb
137,купить,64826,173.12325898806645,verb
138,случиться,63556,169.7316176880503,verb
139,удаться,63496,169.57138266600234,verb
140,отдать,63314,169.0853364324567,verb
141,показаться,62985,168.20671439489345,verb
142,собираться,62617,167.22393959299905,verb
143,ожидать,62284,166.3346352206326,verb
144,использовать,61977,165.514766024487,verb
145,предложить,61747,164.90053177330296,verb
146,пытаться,61700,164.77501433936536,verb
147,проводить,61634,164.59875581511255,verb
148,встретить,61463,164.14208600227573,verb
149,принести,61280,163.65336918502933,verb
150,относиться,60576,161.77327825966606,verb
151,составлять,60263,160.93738556131564,verb
152,занять,59642,159.27895308311878,verb
153,уехать,58873,157.22527421720352,verb
154,явиться,58868,157.2119212986995,verb
155,послать,57205,152.77074060426898,verb
156,показывать,56823,151.75057763056333,verb
157,молчать,56630,151.2351549763089,verb
158,есть,55076,147.0850679052656,verb
159,петь,55048,147.0102915616432,verb
160,подняться,54248,144.8738246010031,verb
161,вызвать,54232,144.83109526179032,verb
162,позволить,53823,143.7388265281631,verb
163,смочь,53718,143.45841523957907,verb
164,входить,53598,143.13794519548304,verb
165,согласиться,52992,141.5195714727982,verb
166,передать,52965,141.4474657128766,verb
167,снять,52888,141.241830767915,verb
168,ставить,52796,140.9961370674414,verb
169,звать,52625,140.53946725460457,verb
170,принадлежать,52503,140.21365604310697,verb
171,находить,51276,136.93684984222526,verb
172,смеяться,50420,134.6508301943404,verb
173,объяснить,50319,134.38110124055956,verb
174,касаться,50308,134.35172481985077,verb
175,оказываться,50141,133.90573734181717,verb
176,обратиться,49942,133.37429118535792,verb
177,услышать,49875,133.19536207740435,verb
178,надеяться,49686,132.69062175795312,verb
179,потерять,49674,132.65857475354352,verb
180,отправиться,49324,131.7238704582635,verb
181,плакать,49011,130.88797775991307,verb
182,пользоваться,49007,130.87729542510985,verb
183,сообщить,48236,128.818275391793,verb
184,устроить,48193,128.7034402926586,verb
185,установить,47687,127.35212494005371,verb
186,нравиться,47435,126.67913784745214,verb
187,возвращаться,47425,126.65243201044412,verb
188,бить,47297,126.31059729674172,verb
189,производить,46896,125.23969323272088,verb
190,предлагать,46579,124.39311819956724,verb
191,носить,45990,122.820144399796,verb
192,называться,45752,122.18454547900556,verb
193,указать,45643,121.89345185561837,verb
194,позволять,45517,121.55695830931757,verb
195,вызывать,45426,121.31393519254476,verb
196,обещать,44882,119.86113765930948,verb
197,закрыть,44636,119.20417406891268,verb
198,вспоминать,44188,118.00775257095424,verb
199,упасть,44011,117.53505925591264,verb
200,наблюдать,43691,116.6804724716566,verb
201,разуметься,43240,115.47603922259576,verb
202,ездить,43204,115.37989820936696,verb
203,произнести,43203,115.37722762566617,verb
204,учиться,42937,114.66685236125332,verb
205,перейти,42917,114.61344068723731,verb
206,объявить,42723,114.09534744928212,verb
207,улыбаться,42507,113.51850136990927,verb
208,выпить,42261,112.86153777951246,verb
209,почувствовать,42200,112.69863217376368,verb
210,расти,42081,112.38083271336843,verb
211,нести,42009,112.18855068691084,verb
212,занимать,41960,112.05769208557165,verb
213,отказаться,41873,111.82535130360203,verb
214,подходить,41817,111.67579861635724,verb
215,приказать,41804,111.64108102824684,verb
216,собраться,41622,111.15503479470122,verb
217,произвести,41426,110.6316003893444,verb
218,подать,41371,110.4847182858004,verb
219,назначить,41290,110.2684010060356,verb
220,помогать,41222,110.0868013143812,verb
221,собрать,41148,109.88917812052198,verb
222,заставить,40876,109.16277935390436,verb
223,попросить,40829,109.03726191996677,verb
224,судить,40666,108.60195677673632,verb
225,составить,40170,107.2773472611395,verb
226,взглянуть,40166,107.26666492633628,verb
227,иметься,40034,106.91414787783069,verb
228,начинаться,39831,106.37201938656824,verb
229,заявить,39719,106.07291401207866,verb
230,обращаться,39676,105.95807891294425,verb
231,сделаться,39601,105.75778513538424,verb
232,построить,39390,105.19429197451542,verb
233,дойти,39137,104.518634298213,verb
234,приводить,38963,104.0539527342738,verb
235,перестать,38709,103.37562447427057,verb
236,простить,38649,103.21538945222257,verb
237,погибнуть,38517,102.86287240371692,verb
238,считаться,38484,102.77474314159056,verb
239,объяснять,38195,102.00294445205932,verb
240,определить,38171,101.93885044324011,verb
241,мешать,38149,101.88009760182253,verb
242,встречаться,37836,101.04420490347208,verb
243,обратить,37557,100.29911205094886,verb
244,напоминать,37547,100.27240621394088,verb
245,зайти,36924,98.6086325683424,verb
246,падать,36919,98.5952796498384,verb
247,определять,36894,98.5285150573184,verb
248,выступать,36830,98.3575977004672,verb
249,рассматривать,36739,98.1145745836944,verb
250,велеть,36735,98.1038922488912,verb
251,родиться,36669,97.92763372463838,verb
252,крикнуть,36626,97.81279862550396,verb
253,прочесть,36539,97.58045784353438,verb
254,держаться,36505,97.48965799770716,verb
255,достать,36354,97.08639985888637,verb
256,исчезнуть,36293,96.92349425313756,verb
257,гореть,36257,96.82735323990876,verb
258,привезти,36184,96.63240062975034,verb
259,утверждать,36178,96.61637712754552,verb
260,строить,35823,95.66831991376152,verb
261,улыбнуться,35556,94.95527406564788,verb
262,хватать,35538,94.90720355903348,verb
263,разговаривать,35346,94.39445148847987,verb
264,броситься,35274,94.20216946202224,verb
265,замечать,35178,93.94579342674544,verb
266,создавать,35148,93.86567591572144,verb
267,отметить,35073,93.66538213816143,verb
268,обнаружить,34915,93.24342991343502,verb
269,возникнуть,34766,92.84551294201582,verb
270,получиться,34592,92.3808313780766,verb
271,отличаться,34512,92.1671846820126,verb
272,отправить,34394,91.8520558053182,verb
273,полагать,34371,91.79063238019978,verb
274,появляться,34336,91.69716195067178,verb
275,возникать,34125,91.13366878980295,verb
276,признать,34008,90.82121049680936,verb
277,поверить,33852,90.40459943948454,verb
278,узнавать,33825,90.33249367956294,verb
279,двигаться,33755,90.14555282050692,verb
280,кончиться,33681,89.94792962664772,verb
281,встречать,33572,89.65683600326051,verb
282,зависеть,33554,89.60876549664611,verb
283,повторять,33372,89.1227192631005,verb
284,присутствовать,33308,88.9518019062493,verb
285,оставлять,33230,88.7434963775869,verb
286,прибыть,33167,88.57524960443648,verb
287,садиться,32766,87.50434554041566,verb
288,поступить,32554,86.93818179584602,verb
289,привыкнуть,32484,86.75124093679003,verb
290,приезжать,32396,86.51622957111961,verb
291,заговорить,32351,86.39605330458362,verb
292,состояться,32299,86.257182952142,verb
293,продолжаться,32129,85.80318372300599,verb
294,пригласить,32085,85.68567804017079,verb
295,проговорить,31752,84.79637366780436,verb
296,стремиться,31633,84.47857420740915,verb
297,спасти,31556,84.27293926244755,verb
298,указывать,31355,83.73615193858673,verb
299,понравиться,31279,83.53318757732592,verb
300,получаться,31228,83.39698780858512,verb
301,выбрать,31164,83.2260704517339,verb
302,б,31140,83.1619764429147,verb
303,прислать,31136,83.1512941081115,verb
304,умирать,30836,82.35011899787148,verb
305,обладать,30822,82.31273082606027,verb
306,платить,30812,82.28602498905228,verb
307,повторить,30689,81.95754319385387,verb
308,подниматься,30599,81.71719066078185,verb
309,достичь,30580,81.66644957046665,verb
310,участвовать,30504,81.46348520920586,verb
311,встретиться,30408,81.20710917392904,verb
312,учить,30069,80.30178129935781,verb
313,снимать,29956,80.00000534116741,verb
314,поговорить,29883,79.805052731009,verb
315,совершить,29570,78.96916003265856,verb
316,выглядеть,29566,78.95847769785536,verb
317,лечь,29337,78.34691403037215,verb
318,решиться,29328,78.32287877706496,verb
319,хватить,29276,78.18400842462334,verb
320,кончить,29143,77.82882079241693,verb
321,прочитать,29021,77.50300958091931,verb
322,предполагать,28868,77.09441027469691,verb
323,схватить,28817,76.9582105059561,verb
324,направить,28808,76.9341752526489,verb
325,висеть,28795,76.8994576645385,verb
326,сохранить,28726,76.7151873891833,verb
327,позвонить,28631,76.46148193760729,verb
328,заставлять,28538,76.21311765343287,verb
329,покрыть,28538,76.21311765343287,verb
330,лететь,28537,76.21044706973208,verb
331,закончить,28533,76.19976473492888,verb
332,воскликнуть,28443,75.95941220185688,verb
333,добавить,28318,75.62558923925685,verb
334,следить,28310,75.60422456965047,verb
335,отдавать,28203,75.31847211366485,verb
336,сообщать,28186,75.27307219075124,verb
337,вздохнуть,28082,74.99533148586804,verb
338,гулять,27912,74.54133225673202,verb
339,решать,27889,74.47990883161361,verb
340,приняться,27845,74.36240314877841,verb
341,исполнить,27772,74.16745053862002,verb
342,собирать,27575,73.64134554956239,verb
343,спешить,27375,73.10722880940237,verb
344,закричать,27371,73.09654647459918,verb
345,лишить,27312,72.93898203625197,verb
346,звонить,27298,72.90159386444077,verb
347,страдать,27229,72.71732358908557,verb
348,протянуть,27220,72.69328833577836,verb
349,переходить,27060,72.26599494365036,verb
350,одеть,27005,72.11911284010635,verb
351,поддерживать,26966,72.01496007577514,verb
352,остановить,26943,71.95353665065674,verb
353,попробовать,26926,71.90813672774314,verb
354,посвятить,26870,71.75858404049833,verb
355,приносить,26867,71.75057228939593,verb
356,прибавить,26866,71.74790170569514,verb
357,придумать,26665,71.21111438183432,verb
358,захотеть,26640,71.14434978931432,verb
359,подавать,26589,71.00815002057351,verb
360,терять,26467,70.6823388090759,verb
361,суметь,26415,70.54346845663429,verb
362,наступить,26351,70.37255109978308,verb
363,дрожать,26345,70.35652759757828,verb
364,содержать,26250,70.10282214600228,verb
365,выразить,26244,70.08679864379748,verb
366,открывать,26105,69.71558750938627,verb
367,означать,26102,69.70757575828387,verb
368,заходить,26062,69.60075241025186,verb
369,ударить,25990,69.40847038379427,verb
370,пустить,25946,69.29096470095907,verb
371,представляться,25863,69.06930625379265,verb
372,допустить,25700,68.63400111056224,verb
373,проснуться,25684,68.59127177134943,verb
374,признавать,25660,68.52717776253023,verb
375,бороться,25619,68.41768383079743,verb
376,организовать,25570,68.28682522945822,verb
377,познакомиться,25529,68.17733129772542,verb
378,вставать,25493,68.08119028449661,verb
379,перевести,25490,68.07317853339421,verb
380,готовить,25480,68.04647269638622,verb
381,вырасти,25437,67.93163759725181,verb
382,взяться,25408,67.85419066992861,verb
383,предстоять,25404,67.8435083351254,verb
384,измениться,25330,67.64588514126619,verb
385,пропасть,25280,67.51235595622619,verb
386,видать,25253,67.4402501963046,verb
387,жениться,25228,67.37348560378459,verb
388,поступать,25193,67.28001517425659,verb
389,соответствовать,25125,67.09841548260218,verb
390,продать,25119,67.08239198039738,verb
391,изменить,25064,66.93550987685337,verb
392,посылать,25054,66.90880403984538,verb
393,звучать,24984,66.72186318078937,verb
394,забывать,24977,66.70316909488376,verb
395,доказать,24961,66.66043975567096,verb
396,заключаться,24923,66.55895757504057,verb
397,выступить,24894,66.48151064771737,verb
398,дышать,24796,66.21979344503896,verb
399,мечтать,24642,65.80852355511574,verb
400,бегать,24597,65.68834728857975,verb
401,заключить,24485,65.38924191409012,verb
402,опустить,24330,64.97530144046611,verb
403,стрелять,24229,64.70557248668531,verb
404,разрешить,24223,64.68954898448051,verb
405,пахнуть,24099,64.3583966055813,verb
406,поразить,24086,64.32367901747088,verb
407,описать,23988,64.06196181479248,verb
408,выдать,23953,63.96849138526448,verb
409,побежать,23930,63.90706796014608,verb
410,захватить,23926,63.89638562534288,verb
411,прожить,23892,63.805585779515674,verb
412,испытывать,23787,63.52517449093167,verb
413,радоваться,23730,63.37295121998606,verb
414,выполнить,23711,63.32221012967085,verb
415,приобрести,23640,63.13259868691405,verb
416,раздаться,23436,62.587799611950835,verb
417,обращать,23418,62.53972910533643,verb
418,разбить,23284,62.18187088942922,verb
419,отпустить,23254,62.10175337840521,verb
420,повести,23128,61.765259832104405,verb
421,болеть,23120,61.743895162498006,verb
422,выполнять,23080,61.637071814466005,verb
423,арестовать,22993,61.4047310324964,verb
424,покупать,22939,61.26051951265318,verb
425,выпустить,22826,60.95874355446278,verb
426,исполнять,22763,60.79049678131238,verb
427,готовиться,22723,60.683673433280376,verb
428,ввести,22712,60.654297012571575,verb
429,бросать,22670,60.54213249713797,verb
430,вступить,22635,60.448662067609966,verb
431,случаться,22625,60.42195623060197,verb
432,жаловаться,22525,60.15489786052195,verb
433,найтись,22522,60.146886109419555,verb
434,удивиться,22513,60.12285085611236,verb
435,отойти,22491,60.06409801469476,verb
436,тянуть,22484,60.04540392878915,verb
437,передавать,22470,60.00801575697795,verb
438,молиться,22370,59.740957386897946,verb
439,выдержать,22353,59.69555746398434,verb
440,благодарить,22291,59.52998127453474,verb
441,возвратиться,22253,59.428499093904335,verb
442,обедать,22252,59.42582851020353,verb
443,терпеть,22221,59.343040415478725,verb
444,продавать,22168,59.20149947933633,verb
445,сметь,22147,59.14541722161952,verb
446,устать,22120,59.07331146169792,verb
447,останавливаться,22002,58.75818258500351,verb
448,поднимать,21962,58.65135923697151,verb
449,надеть,21878,58.427030206104305,verb
450,выражать,21868,58.400324369096296,verb
451,вывести,21681,57.90092521704669,verb
452,уезжать,21671,57.87421938003868,verb
453,напечатать,21618,57.73267844389627,verb
454,открыться,21615,57.72466669279388,verb
455,сойти,21598,57.67926676988028,verb
456,записать,21574,57.615172761061075,verb
457,требоваться,21526,57.48698474342267,verb
458,повернуться,21519,57.46829065751707,verb
459,посадить,21378,57.09173835570425,verb
460,обеспечить,21313,56.91815041515225,verb
461,добиться,21144,56.46682176971704,verb
462,кивнуть,21035,56.17572814632983,verb
463,позвать,20981,56.03151662648662,verb
464,убедиться,20744,55.39858828939701,verb
465,поймать,20711,55.31045902727059,verb
466,изучать,20705,55.29443552506579,verb
467,жалеть,20684,55.238353267349,verb
468,подписать,20552,54.88583621884338,verb
469,подарить,20534,54.837765712228986,verb
470,доставить,20533,54.83509512852818,verb
471,основать,20505,54.76031878490578,verb
472,удивляться,20449,54.61076609766098,verb
473,послушать,20419,54.53064858663697,verb
474,окружить,20370,54.39978998529777,verb
475,избрать,20340,54.319672474273766,verb
476,прощать,20320,54.26626080025777,verb
477,устраивать,20209,53.96982600946896,verb
478,допускать,20162,53.84430857553135,verb
479,уничтожить,20137,53.77754398301135,verb
480,здравствовать,20085,53.63867363056975,verb
481,сходить,20053,53.553214952144145,verb
482,совершать,19853,53.01909821198413,verb
483,спорить,19825,52.944321868361726,verb
484,употреблять,19819,52.92829836615692,verb
485,обсуждать,19813,52.91227486395212,verb
486,выбирать,19800,52.87755727584172,verb
487,описывать,19720,52.66391057977771,verb
488,курить,19708,52.631863575368115,verb
489,доказывать,19695,52.59714598725771,verb
490,превратиться,19688,52.57845190135211,verb
491,развиваться,19674,52.54106372954091,verb
492,выехать,19650,52.476969720721705,verb
493,сомневаться,19601,52.346111119382506,verb
494,управлять,19597,52.3354287845793,verb
495,последовать,19587,52.308722947571304,verb
496,кормить,19405,51.82267671402568,verb
497,обойтись,19357,51.69448869638728,verb
498,скрывать,19326,51.61170060166248,verb
499,рассчитывать,19309,51.566300678748874,verb
500,менять,19284,51.49953608622888,verb
